Carimbo de data/hora,Qual √© seu distrito?,1) √â gentil,2) √â trabalhador,3) Tem uma atitude positiva,4) Ouve atentamente √†s minhas necessidades e preocupa√ß√µes e interesses,5) √â confi√°vel,6) Est√° bem preparado para ensinar,7) Chega e sai no hor√°rio,8) √â entusiasmado,9) √â sens√≠vel aos meus sentimentos,10) D√° feedback que realmente ajuda,11) Segue padr√µes de vestu√°rio e apar√™ncia,12) Ajuda voc√™ a entender as escrituras e os princ√≠pios do evangelho,13) Ajuda voc√™ a entender e aplicar os princ√≠pios em Pregar Meu Evangelho,14) Ajuda voc√™ a se preparar para ensinar os pesquisadores,15) Ajuda voc√™ a aprender o idioma da miss√£o (n√£o responda se voc√™ n√£o estiver aprendendo um novo idioma),16) Corrige comportamentos inapropriados na sala de aula,17) Prepara voc√™ para cumprir seu prop√≥sito,18) Este/a Instrutor/a explica conceitos dif√≠ceis de forma clara e simples,19) Este/a Instrutor/a usa uma variedade de atividades efetivas de aprendizado,20) Este/a Instrutor/a usa o tempo de aula sabiamente,21) Este/a Instrutor/a me motiva a fazer o meu melhor,22) Muitas vezes sinto o Esp√≠rito quando Este/a Instrutor/a est√° ensinando,23) Este/a Instrutor/a me encoraja a estabelecer metas e realiz√°-las,24) Este/a Instrutor/a se ajusta para atender √†s necessidades individuais dos mission√°rios,25) Este/a Instrutor/a me ajuda e  encoraja a planejar de forma eficaz,26) Este/a Instrutor/a me encoraja a falar meu idioma da miss√£o,27) Este/a Instrutor/a fala o idioma da miss√£o o m√°ximo poss√≠vel,28) Eu me sinto pr√≥ximo desse Instrutor/a,29) Respeito e admiro esse Instrutor/a,30) Este/a Instrutor/a realmente se preocupa comigo,31) Este/a Instrutor/a me entende,"32) Se n√£o houver uma reposta que descreva seu relacionamento com este(a) instrutor(a), ent√£o comente sobre isso aqui:",33) O que voc√™ gosta sobre esse instrutor(a)?,34) Quais sugest√µes voc√™ tem para este(a) instrutor(a)?,"35) Coment√°rios e Sugest√µes. Seu instrutor(a) ver√° esses coment√°rios depois de sair, mas seu nome N√ÉO ser√° divulgado."
30/09/2019 09:37:28,37 A PORTUGUES,A - Concordo Totalmente,A - Concordo Totalmente,A - Concordo Totalmente,A - Concordo Totalmente,A - Concordo Totalmente,A - Concordo Totalmente,A - Concordo Totalmente,A - Concordo Totalmente,A - Concordo Totalmente,A - Concordo Totalmente,A - Concordo Totalmente,A - Concordo Totalmente,A - Concordo Totalmente,A - Concordo Totalmente,,A - Concordo Totalmente,A - Concordo Totalmente,A - Concordo Totalmente,A - Concordo Totalmente,A - Concordo Totalmente,A - Concordo Totalmente,A - Concordo Totalmente,A - Concordo Totalmente,A - Concordo Totalmente,A - Concordo Totalmente,A - Concordo Totalmente,A - Concordo Totalmente,A - Concordo Totalmente,A - Concordo Totalmente,A - Concordo Totalmente,A - Concordo Totalmente,,"Ele √© muito gentil e me ajudou bastante, para me tornar uma missia melhor,",,
30/09/2019 09:38:04,37-A POT,A - Concordo Totalmente,A - Concordo Totalmente,A - Concordo Totalmente,A - Concordo Totalmente,A - Concordo Totalmente,A - Concordo Totalmente,A - Concordo Totalmente,A - Concordo Totalmente,A - Concordo Totalmente,A - Concordo Totalmente,A - Concordo Totalmente,A - Concordo Totalmente,A - Concordo Totalmente,A - Concordo Totalmente,,A - Concordo Totalmente,A - Concordo Totalmente,A - Concordo Totalmente,A - Concordo Totalmente,A - Concordo Totalmente,A - Concordo Totalmente,A - Concordo Totalmente,A - Concordo Totalmente,A - Concordo Totalmente,A - Concordo Totalmente,A - Concordo Totalmente,A - Concordo Totalmente,A - Concordo Totalmente,A - Concordo Totalmente,A - Concordo Totalmente,A - Concordo Totalmente,,O DOCE ESPIRITO QUE ELE TRAS PARA N√ìS TODAS AS AULAS!,NUNCA DEIXAR DE SER O INSTRUTOR QUE ELE √â,"SEMPRE FA√áA PRATICAS USANDO OS MISSIONARIOS, FIQUEI SENSIVEL AO ISPIRITO GRA√áAS A ESSAS PRATICAS ;)"
08/05/2020 18:17:00,Distrito 16A - ESP,A - Concordo Totalmente,A - Concordo Totalmente,A - Concordo Totalmente,A - Concordo Totalmente,A - Concordo Totalmente,A - Concordo Totalmente,A - Concordo Totalmente,A - Concordo Totalmente,A - Concordo Totalmente,A - Concordo Totalmente,A - Concordo Totalmente,A - Concordo Totalmente,A - Concordo Totalmente,A - Concordo Totalmente,A - Concordo Totalmente,A - Concordo Totalmente,A - Concordo Totalmente,A - Concordo Totalmente,A - Concordo Totalmente,A - Concordo Totalmente,A - Concordo Totalmente,A - Concordo Totalmente,A - Concordo Totalmente,A - Concordo Totalmente,A - Concordo Totalmente,A - Concordo Totalmente,A - Concordo Totalmente,A - Concordo Totalmente,A - Concordo Totalmente,A - Concordo Totalmente,A - Concordo Totalmente,,"Admiro seu entusiasmo e sua alegria ao ensinar, √© um excelente professor.",,Seu entusiasmo e seu modo de ensinar
08/05/2020 18:20:36,16 A ESP,B - Concordo,A - Concordo Totalmente,B - Concordo,B - Concordo,A - Concordo Totalmente,B - Concordo,B - Concordo,B - Concordo,A - Concordo Totalmente,B - Concordo,B - Concordo,B - Concordo,B - Concordo,B - Concordo,B - Concordo,A - Concordo Totalmente,A - Concordo Totalmente,A - Concordo Totalmente,A - Concordo Totalmente,A - Concordo Totalmente,A - Concordo Totalmente,A - Concordo Totalmente,A - Concordo Totalmente,A - Concordo Totalmente,A - Concordo Totalmente,A - Concordo Totalmente,A - Concordo Totalmente,A - Concordo Totalmente,A - Concordo Totalmente,A - Concordo Totalmente,A - Concordo Totalmente,son muy geniales :3,sus buenas actitudes,"que sigan as√≠, y nunca cambi√©n",son geniales jeje .3
08/05/2020 19:07:29,16 A ESP,A - Concordo Totalmente,A - Concordo Totalmente,A - Concordo Totalmente,A - Concordo Totalmente,A - Concordo Totalmente,A - Concordo Totalmente,A - Concordo Totalmente,A - Concordo Totalmente,A - Concordo Totalmente,A - Concordo Totalmente,A - Concordo Totalmente,A - Concordo Totalmente,A - Concordo Totalmente,A - Concordo Totalmente,A - Concordo Totalmente,A - Concordo Totalmente,A - Concordo Totalmente,A - Concordo Totalmente,A - Concordo Totalmente,A - Concordo Totalmente,A - Concordo Totalmente,A - Concordo Totalmente,A - Concordo Totalmente,A - Concordo Totalmente,A - Concordo Totalmente,A - Concordo Totalmente,A - Concordo Totalmente,A - Concordo Totalmente,A - Concordo Totalmente,A - Concordo Totalmente,A - Concordo Totalmente,,Engra√ßado e espiritual,<3,Eu amo Irmao
08/05/2020 19:16:01,16 A,A - Concordo Totalmente,A - Concordo Totalmente,A - Concordo Totalmente,A - Concordo Totalmente,A - Concordo Totalmente,A - Concordo Totalmente,A - Concordo Totalmente,A - Concordo Totalmente,A - Concordo Totalmente,A - Concordo Totalmente,A - Concordo Totalmente,A - Concordo Totalmente,A - Concordo Totalmente,A - Concordo Totalmente,A - Concordo Totalmente,A - Concordo Totalmente,A - Concordo Totalmente,A - Concordo Totalmente,A - Concordo Totalmente,A - Concordo Totalmente,A - Concordo Totalmente,A - Concordo Totalmente,A - Concordo Totalmente,A - Concordo Totalmente,A - Concordo Totalmente,A - Concordo Totalmente,A - Concordo Totalmente,B - Concordo,A - Concordo Totalmente,A - Concordo Totalmente,A - Concordo Totalmente,,"seu testemunho, alegria, bondade, ",,
08/05/2020 20:20:39,A-16 ESP,B - Concordo,A - Concordo Totalmente,A - Concordo Totalmente,A - Concordo Totalmente,A - Concordo Totalmente,A - Concordo Totalmente,A - Concordo Totalmente,A - Concordo Totalmente,A - Concordo Totalmente,A - Concordo Totalmente,A - Concordo Totalmente,A - Concordo Totalmente,A - Concordo Totalmente,A - Concordo Totalmente,A - Concordo Totalmente,A - Concordo Totalmente,A - Concordo Totalmente,A - Concordo Totalmente,A - Concordo Totalmente,A - Concordo Totalmente,A - Concordo Totalmente,A - Concordo Totalmente,A - Concordo Totalmente,A - Concordo Totalmente,A - Concordo Totalmente,A - Concordo Totalmente,A - Concordo Totalmente,A - Concordo Totalmente,A - Concordo Totalmente,A - Concordo Totalmente,A - Concordo Totalmente,,"Ele pode entender, ensinar  y fazer sentir o espiritu de uma maneira muito especial e simple",,"
Continue fazendo o que voc√™ faz, √© muito espiritual e engra√ßado, um √≥timo instrutor"
31/07/2020 19:02:35,26 a,A - Concordo Totalmente,A - Concordo Totalmente,A - Concordo Totalmente,A - Concordo Totalmente,A - Concordo Totalmente,A - Concordo Totalmente,A - Concordo Totalmente,A - Concordo Totalmente,A - Concordo Totalmente,A - Concordo Totalmente,A - Concordo Totalmente,A - Concordo Totalmente,A - Concordo Totalmente,A - Concordo Totalmente,A - Concordo Totalmente,A - Concordo Totalmente,A - Concordo Totalmente,A - Concordo Totalmente,A - Concordo Totalmente,A - Concordo Totalmente,A - Concordo Totalmente,A - Concordo Totalmente,A - Concordo Totalmente,A - Concordo Totalmente,A - Concordo Totalmente,A - Concordo Totalmente,A - Concordo Totalmente,A - Concordo Totalmente,A - Concordo Totalmente,A - Concordo Totalmente,A - Concordo Totalmente,,Always fun to be around and makes the learning fun.,none,sing to us more
31/07/2020 19:03:35,26A ingles,A - Concordo Totalmente,A - Concordo Totalmente,A - Concordo Totalmente,A - Concordo Totalmente,A - Concordo Totalmente,A - Concordo Totalmente,A - Concordo Totalmente,A - Concordo Totalmente,A - Concordo Totalmente,A - Concordo Totalmente,A - Concordo Totalmente,A - Concordo Totalmente,A - Concordo Totalmente,A - Concordo Totalmente,A - Concordo Totalmente,A - Concordo Totalmente,A - Concordo Totalmente,A - Concordo Totalmente,A - Concordo Totalmente,A - Concordo Totalmente,A - Concordo Totalmente,A - Concordo Totalmente,A - Concordo Totalmente,A - Concordo Totalmente,A - Concordo Totalmente,A - Concordo Totalmente,B - Concordo,A - Concordo Totalmente,A - Concordo Totalmente,B - Concordo,A - Concordo Totalmente,,"very funny and entertaining, makes every class very fun and i love learning portuguese with him. he truly believes in me as a missionary",,"i loved how many games we played to learn- you truly gave me a great time in the ctm. maybe a suggestion: double check with someone what we are supposed to do before a break out room, so we all know what we are doing, but otherwise- awesome class!!! bom trabalho irmao vinicius!!"
31/07/2020 19:04:34,26A English,A - Concordo Totalmente,A - Concordo Totalmente,A - Concordo Totalmente,A - Concordo Totalmente,A - Concordo Totalmente,A - Concordo Totalmente,A - Concordo Totalmente,A - Concordo Totalmente,A - Concordo Totalmente,A - Concordo Totalmente,A - Concordo Totalmente,A - Concordo Totalmente,A - Concordo Totalmente,A - Concordo Totalmente,A - Concordo Totalmente,A - Concordo Totalmente,A - Concordo Totalmente,B - Concordo,A - Concordo Totalmente,B - Concordo,A - Concordo Totalmente,A - Concordo Totalmente,A - Concordo Totalmente,A - Concordo Totalmente,A - Concordo Totalmente,A - Concordo Totalmente,A - Concordo Totalmente,B - Concordo,A - Concordo Totalmente,A - Concordo Totalmente,B - Concordo,,He is fun and I enjoy his class greatly,He does a great job no suggestions,I learned so much from you over these six weeks and had fun doing it. Continue to teach the way you do because you helped me do something really hard in learning a language and made it fun. Thank you so much
31/07/2020 19:05:31,26a ing,A - Concordo Totalmente,A - Concordo Totalmente,A - Concordo Totalmente,A - Concordo Totalmente,A - Concordo Totalmente,A - Concordo Totalmente,A - Concordo Totalmente,A - Concordo Totalmente,A - Concordo Totalmente,A - Concordo Totalmente,A - Concordo Totalmente,A - Concordo Totalmente,A - Concordo Totalmente,A - Concordo Totalmente,A - Concordo Totalmente,A - Concordo Totalmente,A - Concordo Totalmente,A - Concordo Totalmente,A - Concordo Totalmente,A - Concordo Totalmente,A - Concordo Totalmente,A - Concordo Totalmente,A - Concordo Totalmente,A - Concordo Totalmente,A - Concordo Totalmente,A - Concordo Totalmente,A - Concordo Totalmente,A - Concordo Totalmente,A - Concordo Totalmente,A - Concordo Totalmente,A - Concordo Totalmente,melhor amigo,engra√ßado,no sei,obrigado 
31/07/2020 19:05:31,26 A English,A - Concordo Totalmente,A - Concordo Totalmente,A - Concordo Totalmente,B - Concordo,A - Concordo Totalmente,A - Concordo Totalmente,A - Concordo Totalmente,A - Concordo Totalmente,A - Concordo Totalmente,A - Concordo Totalmente,A - Concordo Totalmente,A - Concordo Totalmente,A - Concordo Totalmente,A - Concordo Totalmente,A - Concordo Totalmente,A - Concordo Totalmente,A - Concordo Totalmente,A - Concordo Totalmente,A - Concordo Totalmente,B - Concordo,A - Concordo Totalmente,A - Concordo Totalmente,A - Concordo Totalmente,A - Concordo Totalmente,E - Discordo Totalmente,A - Concordo Totalmente,A - Concordo Totalmente,A - Concordo Totalmente,A - Concordo Totalmente,A - Concordo Totalmente,A - Concordo Totalmente,"Muita bem, eu amo todos as instutoros, porque eles sao muita bem e simpatica!","Ele e muita animada todos as dias todos as tempo, eu nao entendi, mas verdade",Eu nao sei?,"Voce sao muita legal, obrigado por muito bem ensinamentos!"
31/07/2020 19:11:28,26A - Ing,A - Concordo Totalmente,A - Concordo Totalmente,A - Concordo Totalmente,A - Concordo Totalmente,A - Concordo Totalmente,A - Concordo Totalmente,A - Concordo Totalmente,A - Concordo Totalmente,A - Concordo Totalmente,A - Concordo Totalmente,A - Concordo Totalmente,A - Concordo Totalmente,A - Concordo Totalmente,A - Concordo Totalmente,A - Concordo Totalmente,B - Concordo,A - Concordo Totalmente,B - Concordo,A - Concordo Totalmente,A - Concordo Totalmente,A - Concordo Totalmente,A - Concordo Totalmente,A - Concordo Totalmente,A - Concordo Totalmente,A - Concordo Totalmente,A - Concordo Totalmente,A - Concordo Totalmente,A - Concordo Totalmente,A - Concordo Totalmente,A - Concordo Totalmente,A - Concordo Totalmente,,He is very fun and integrates lots of fun into the lessons. He also will take take times to connect to the spirit and focus on the doctrines and principles along with key things in our teachers.,Sometimes he can back down on the jokes a little also there were a few times he just repeated what he said slower to explain something he said in Portuguese but there still was confusion so it could have been reworded to be explained but usually he was very fun and a very good teacher who was thoughtful in his lessons and such.,"Keep up the good work! Remember sometimes joking when people are confused can make it harder and sometimes we need a bit more - rephrasing or more context - to fully understand what is being said in Portuguese, not just the sentence repeated. However, keep up the good work and fun and happy attitude"
11/09/2020 16:28:38,32-B-ING,A - Concordo Totalmente,A - Concordo Totalmente,A - Concordo Totalmente,A - Concordo Totalmente,A - Concordo Totalmente,A - Concordo Totalmente,A - Concordo Totalmente,A - Concordo Totalmente,A - Concordo Totalmente,A - Concordo Totalmente,A - Concordo Totalmente,A - Concordo Totalmente,A - Concordo Totalmente,A - Concordo Totalmente,A - Concordo Totalmente,A - Concordo Totalmente,A - Concordo Totalmente,A - Concordo Totalmente,A - Concordo Totalmente,A - Concordo Totalmente,A - Concordo Totalmente,A - Concordo Totalmente,A - Concordo Totalmente,A - Concordo Totalmente,A - Concordo Totalmente,A - Concordo Totalmente,A - Concordo Totalmente,A - Concordo Totalmente,A - Concordo Totalmente,A - Concordo Totalmente,A - Concordo Totalmente,,"I love that Vinicius is so kind hearted, that he showed up everyday of class with a huge smile on his face and he was always ready to teach. I know he loves each of us by the way he taught and met all of our needs.",,
11/09/2020 16:28:44,32 B-ING,A - Concordo Totalmente,A - Concordo Totalmente,A - Concordo Totalmente,A - Concordo Totalmente,A - Concordo Totalmente,A - Concordo Totalmente,A - Concordo Totalmente,A - Concordo Totalmente,A - Concordo Totalmente,A - Concordo Totalmente,A - Concordo Totalmente,A - Concordo Totalmente,A - Concordo Totalmente,A - Concordo Totalmente,A - Concordo Totalmente,A - Concordo Totalmente,A - Concordo Totalmente,A - Concordo Totalmente,A - Concordo Totalmente,A - Concordo Totalmente,A - Concordo Totalmente,A - Concordo Totalmente,A - Concordo Totalmente,A - Concordo Totalmente,A - Concordo Totalmente,A - Concordo Totalmente,A - Concordo Totalmente,A - Concordo Totalmente,A - Concordo Totalmente,A - Concordo Totalmente,A - Concordo Totalmente,,very happy,None,Your the best!! 
11/09/2020 16:30:45,32-B ING,A - Concordo Totalmente,A - Concordo Totalmente,A - Concordo Totalmente,A - Concordo Totalmente,B - Concordo,B - Concordo,A - Concordo Totalmente,A - Concordo Totalmente,B - Concordo,A - Concordo Totalmente,A - Concordo Totalmente,A - Concordo Totalmente,A - Concordo Totalmente,C - Indeciso,C - Indeciso,B - Concordo,B - Concordo,A - Concordo Totalmente,B - Concordo,B - Concordo,C - Indeciso,C - Indeciso,B - Concordo,B - Concordo,B - Concordo,A - Concordo Totalmente,A - Concordo Totalmente,B - Concordo,B - Concordo,B - Concordo,C - Indeciso,,"super fun and has a lot of good stories, always laughing and it makes me happy",At the beginning I thought I was kinda overwhelmed cause you would speak a lot of Portuguese but now I'm glad you did because I feel like I can speak better because of it. ,Thank you!I honestly loved my classes and experiences. I am so grateful for your fun and funny teaching methods!
11/09/2020 16:31:32,32-D Ing,A - Concordo Totalmente,B - Concordo,A - Concordo Totalmente,A - Concordo Totalmente,A - Concordo Totalmente,A - Concordo Totalmente,A - Concordo Totalmente,A - Concordo Totalmente,A - Concordo Totalmente,A - Concordo Totalmente,A - Concordo Totalmente,A - Concordo Totalmente,A - Concordo Totalmente,A - Concordo Totalmente,A - Concordo Totalmente,A - Concordo Totalmente,A - Concordo Totalmente,A - Concordo Totalmente,A - Concordo Totalmente,A - Concordo Totalmente,A - Concordo Totalmente,A - Concordo Totalmente,A - Concordo Totalmente,A - Concordo Totalmente,A - Concordo Totalmente,A - Concordo Totalmente,A - Concordo Totalmente,A - Concordo Totalmente,A - Concordo Totalmente,A - Concordo Totalmente,A - Concordo Totalmente,,Ele √© muito feliz e muito muito engra√ßado. Ele ajuda meu sinto o esp√≠rito e amor de deus,,
11/09/2020 16:32:35,32d-ING,A - Concordo Totalmente,A - Concordo Totalmente,A - Concordo Totalmente,A - Concordo Totalmente,A - Concordo Totalmente,A - Concordo Totalmente,A - Concordo Totalmente,A - Concordo Totalmente,A - Concordo Totalmente,A - Concordo Totalmente,A - Concordo Totalmente,A - Concordo Totalmente,A - Concordo Totalmente,A - Concordo Totalmente,A - Concordo Totalmente,A - Concordo Totalmente,A - Concordo Totalmente,A - Concordo Totalmente,A - Concordo Totalmente,A - Concordo Totalmente,A - Concordo Totalmente,A - Concordo Totalmente,A - Concordo Totalmente,B - Concordo,A - Concordo Totalmente,A - Concordo Totalmente,A - Concordo Totalmente,A - Concordo Totalmente,A - Concordo Totalmente,A - Concordo Totalmente,A - Concordo Totalmente,Tudo bem!!,ele era um professor divertido e ensinou o que precis√°vamos bem!,"
misturar as coisas na classe um pouco mais",sua aula foi muito divertida e eu gostei de voc√™ como professora. Sua atitude posotiva todos os dias realmente fez disso uma grande experi√™ncia e fez o CTM muito melhor.
11/09/2020 16:33:14,32 b-ing,A - Concordo Totalmente,A - Concordo Totalmente,A - Concordo Totalmente,A - Concordo Totalmente,A - Concordo Totalmente,A - Concordo Totalmente,A - Concordo Totalmente,A - Concordo Totalmente,A - Concordo Totalmente,A - Concordo Totalmente,A - Concordo Totalmente,A - Concordo Totalmente,A - Concordo Totalmente,A - Concordo Totalmente,A - Concordo Totalmente,A - Concordo Totalmente,A - Concordo Totalmente,A - Concordo Totalmente,A - Concordo Totalmente,A - Concordo Totalmente,A - Concordo Totalmente,A - Concordo Totalmente,A - Concordo Totalmente,A - Concordo Totalmente,A - Concordo Totalmente,A - Concordo Totalmente,A - Concordo Totalmente,A - Concordo Totalmente,A - Concordo Totalmente,A - Concordo Totalmente,A - Concordo Totalmente,,"ele √© sempre bom e sempre tem um sorriso no rosto, ele faz a aula divertida e agrad√°vel ao mesmo tempo ensinando muito e nos mantendo aprendendo",um pouco mais quebra kkkkkk,Voce e muinto LEGAL!!!!!!!!!!!!!!!!!!!!!!!!!!!!!!!!!!!!!!!!!
11/09/2020 16:35:40,32-B ing,A - Concordo Totalmente,A - Concordo Totalmente,A - Concordo Totalmente,A - Concordo Totalmente,A - Concordo Totalmente,A - Concordo Totalmente,A - Concordo Totalmente,A - Concordo Totalmente,A - Concordo Totalmente,A - Concordo Totalmente,A - Concordo Totalmente,A - Concordo Totalmente,A - Concordo Totalmente,B - Concordo,A - Concordo Totalmente,B - Concordo,A - Concordo Totalmente,B - Concordo,B - Concordo,A - Concordo Totalmente,B - Concordo,B - Concordo,B - Concordo,A - Concordo Totalmente,A - Concordo Totalmente,A - Concordo Totalmente,A - Concordo Totalmente,B - Concordo,A - Concordo Totalmente,A - Concordo Totalmente,B - Concordo,,Ele est√° sempre feliz e super gentil com a aula,mais jogos de linguagem,Obrigada por ser √≥timo 
11/09/2020 16:36:28,32-B Ing,A - Concordo Totalmente,A - Concordo Totalmente,A - Concordo Totalmente,B - Concordo,A - Concordo Totalmente,A - Concordo Totalmente,B - Concordo,A - Concordo Totalmente,B - Concordo,B - Concordo,A - Concordo Totalmente,A - Concordo Totalmente,A - Concordo Totalmente,A - Concordo Totalmente,A - Concordo Totalmente,B - Concordo,A - Concordo Totalmente,B - Concordo,A - Concordo Totalmente,A - Concordo Totalmente,A - Concordo Totalmente,B - Concordo,B - Concordo,A - Concordo Totalmente,A - Concordo Totalmente,A - Concordo Totalmente,A - Concordo Totalmente,B - Concordo,A - Concordo Totalmente,A - Concordo Totalmente,B - Concordo,He is great and fun,I like how funny/fun he is. I love how he always uses the Gospel. ,"When we dont know a word in Portuguese, instead of just acting out what it is act it out and then say it in English so we can hear it too.",Thank you so so much! You helped to make class fun and enjoyable and helped me to learn how to teach in the language. 
11/09/2020 16:36:40,32 B ING,A - Concordo Totalmente,A - Concordo Totalmente,A - Concordo Totalmente,A - Concordo Totalmente,A - Concordo Totalmente,A - Concordo Totalmente,A - Concordo Totalmente,A - Concordo Totalmente,A - Concordo Totalmente,A - Concordo Totalmente,A - Concordo Totalmente,A - Concordo Totalmente,A - Concordo Totalmente,A - Concordo Totalmente,A - Concordo Totalmente,A - Concordo Totalmente,A - Concordo Totalmente,A - Concordo Totalmente,A - Concordo Totalmente,A - Concordo Totalmente,A - Concordo Totalmente,A - Concordo Totalmente,A - Concordo Totalmente,A - Concordo Totalmente,A - Concordo Totalmente,A - Concordo Totalmente,A - Concordo Totalmente,A - Concordo Totalmente,A - Concordo Totalmente,A - Concordo Totalmente,A - Concordo Totalmente,,Irmao Vinicius esta sempre rindo e se divertindo. Ele tamb√©m sabe quando ficar quieto e ensinar espiritualmente. ,Certifique-se de que o distrito compreende o que deve fazer antes de ir para break-out rooms,Obrigado Irmao Vini!!! Nosso tempo juntos foi tao divertido e obrigado por tudo que voce me ensinou. Mal posso esperar para chegar ao Brasil!
11/09/2020 16:36:42,32B - Ing,A - Concordo Totalmente,A - Concordo Totalmente,A - Concordo Totalmente,A - Concordo Totalmente,A - Concordo Totalmente,A - Concordo Totalmente,A - Concordo Totalmente,A - Concordo Totalmente,A - Concordo Totalmente,A - Concordo Totalmente,A - Concordo Totalmente,A - Concordo Totalmente,A - Concordo Totalmente,A - Concordo Totalmente,A - Concordo Totalmente,A - Concordo Totalmente,A - Concordo Totalmente,B - Concordo,A - Concordo Totalmente,A - Concordo Totalmente,A - Concordo Totalmente,A - Concordo Totalmente,A - Concordo Totalmente,A - Concordo Totalmente,A - Concordo Totalmente,A - Concordo Totalmente,A - Concordo Totalmente,B - Concordo,A - Concordo Totalmente,A - Concordo Totalmente,B - Concordo,,ele e muito encorajador,nunca,Obrigada muita!!
11/09/2020 16:38:30,32- B Ing,A - Concordo Totalmente,A - Concordo Totalmente,A - Concordo Totalmente,A - Concordo Totalmente,A - Concordo Totalmente,A - Concordo Totalmente,A - Concordo Totalmente,A - Concordo Totalmente,A - Concordo Totalmente,A - Concordo Totalmente,A - Concordo Totalmente,A - Concordo Totalmente,A - Concordo Totalmente,A - Concordo Totalmente,A - Concordo Totalmente,A - Concordo Totalmente,A - Concordo Totalmente,A - Concordo Totalmente,A - Concordo Totalmente,A - Concordo Totalmente,A - Concordo Totalmente,A - Concordo Totalmente,A - Concordo Totalmente,A - Concordo Totalmente,A - Concordo Totalmente,A - Concordo Totalmente,A - Concordo Totalmente,A - Concordo Totalmente,A - Concordo Totalmente,A - Concordo Totalmente,A - Concordo Totalmente,,ele se importa muito,nenhum,continue fazendo o que voce faz
11/09/2020 16:42:53,32 B - Ing,A - Concordo Totalmente,A - Concordo Totalmente,A - Concordo Totalmente,A - Concordo Totalmente,A - Concordo Totalmente,A - Concordo Totalmente,A - Concordo Totalmente,A - Concordo Totalmente,A - Concordo Totalmente,A - Concordo Totalmente,A - Concordo Totalmente,A - Concordo Totalmente,A - Concordo Totalmente,A - Concordo Totalmente,A - Concordo Totalmente,A - Concordo Totalmente,A - Concordo Totalmente,A - Concordo Totalmente,A - Concordo Totalmente,A - Concordo Totalmente,A - Concordo Totalmente,A - Concordo Totalmente,A - Concordo Totalmente,A - Concordo Totalmente,A - Concordo Totalmente,A - Concordo Totalmente,A - Concordo Totalmente,A - Concordo Totalmente,A - Concordo Totalmente,A - Concordo Totalmente,A - Concordo Totalmente,bom relecionamento com vini,Irmao Vini e muito muito engracado e faz ensinando o evengelho um coisas de alegria!,alge tempo ele fala rapito e eu  nao entende ,eu amo voce muito!! obrigada por todos coisas voce ensinavam meu. voce ajuda-me entende o que eu preciso fazer melhor e como ensinar! muito muito obrigada! eu vou nunca esqueca voce
16/10/2020 20:04:22,40b,A - Concordo Totalmente,B - Concordo,B - Concordo,B - Concordo,B - Concordo,B - Concordo,A - Concordo Totalmente,A - Concordo Totalmente,B - Concordo,B - Concordo,A - Concordo Totalmente,A - Concordo Totalmente,A - Concordo Totalmente,A - Concordo Totalmente,,B - Concordo,A - Concordo Totalmente,A - Concordo Totalmente,B - Concordo,A - Concordo Totalmente,B - Concordo,A - Concordo Totalmente,A - Concordo Totalmente,A - Concordo Totalmente,A - Concordo Totalmente,A - Concordo Totalmente,A - Concordo Totalmente,B - Concordo,A - Concordo Totalmente,A - Concordo Totalmente,B - Concordo,,"Possui muito bom humor, dom√≠nio imenso das escrituras e √© muito entusiasmado.",,
16/10/2020 20:15:27,40b,A - Concordo Totalmente,A - Concordo Totalmente,A - Concordo Totalmente,A - Concordo Totalmente,A - Concordo Totalmente,A - Concordo Totalmente,A - Concordo Totalmente,A - Concordo Totalmente,A - Concordo Totalmente,A - Concordo Totalmente,A - Concordo Totalmente,A - Concordo Totalmente,A - Concordo Totalmente,A - Concordo Totalmente,,A - Concordo Totalmente,A - Concordo Totalmente,A - Concordo Totalmente,A - Concordo Totalmente,A - Concordo Totalmente,A - Concordo Totalmente,A - Concordo Totalmente,A - Concordo Totalmente,A - Concordo Totalmente,A - Concordo Totalmente,A - Concordo Totalmente,A - Concordo Totalmente,A - Concordo Totalmente,A - Concordo Totalmente,A - Concordo Totalmente,A - Concordo Totalmente,,Ele √© muito divertido e est√° sempre rindo.,,
16/10/2020 20:16:48,40b,A - Concordo Totalmente,A - Concordo Totalmente,A - Concordo Totalmente,A - Concordo Totalmente,A - Concordo Totalmente,A - Concordo Totalmente,A - Concordo Totalmente,A - Concordo Totalmente,A - Concordo Totalmente,A - Concordo Totalmente,A - Concordo Totalmente,A - Concordo Totalmente,A - Concordo Totalmente,A - Concordo Totalmente,A - Concordo Totalmente,A - Concordo Totalmente,A - Concordo Totalmente,A - Concordo Totalmente,A - Concordo Totalmente,A - Concordo Totalmente,A - Concordo Totalmente,A - Concordo Totalmente,A - Concordo Totalmente,A - Concordo Totalmente,A - Concordo Totalmente,A - Concordo Totalmente,A - Concordo Totalmente,A - Concordo Totalmente,A - Concordo Totalmente,A - Concordo Totalmente,A - Concordo Totalmente,,"Carisma, o Esp√≠rito que tr√°s pra aula, tudo !","Continue assim, carisma anima muito a aula",
16/10/2020 20:18:11,40b,A - Concordo Totalmente,A - Concordo Totalmente,A - Concordo Totalmente,A - Concordo Totalmente,A - Concordo Totalmente,A - Concordo Totalmente,A - Concordo Totalmente,A - Concordo Totalmente,A - Concordo Totalmente,A - Concordo Totalmente,A - Concordo Totalmente,A - Concordo Totalmente,A - Concordo Totalmente,A - Concordo Totalmente,A - Concordo Totalmente,A - Concordo Totalmente,A - Concordo Totalmente,A - Concordo Totalmente,A - Concordo Totalmente,A - Concordo Totalmente,A - Concordo Totalmente,A - Concordo Totalmente,A - Concordo Totalmente,A - Concordo Totalmente,A - Concordo Totalmente,A - Concordo Totalmente,A - Concordo Totalmente,A - Concordo Totalmente,A - Concordo Totalmente,A - Concordo Totalmente,A - Concordo Totalmente,,"Carisma, o Esp√≠rito que tr√°s pra aula, tudo !",Continue assim üòä,
16/10/2020 20:22:02,40B ,A - Concordo Totalmente,A - Concordo Totalmente,A - Concordo Totalmente,A - Concordo Totalmente,A - Concordo Totalmente,A - Concordo Totalmente,A - Concordo Totalmente,A - Concordo Totalmente,A - Concordo Totalmente,A - Concordo Totalmente,A - Concordo Totalmente,A - Concordo Totalmente,A - Concordo Totalmente,A - Concordo Totalmente,,A - Concordo Totalmente,A - Concordo Totalmente,A - Concordo Totalmente,A - Concordo Totalmente,A - Concordo Totalmente,A - Concordo Totalmente,A - Concordo Totalmente,A - Concordo Totalmente,A - Concordo Totalmente,A - Concordo Totalmente,A - Concordo Totalmente,A - Concordo Totalmente,A - Concordo Totalmente,A - Concordo Totalmente,A - Concordo Totalmente,A - Concordo Totalmente,"Foi muito incr√≠vel, ele realmente consegue transmitir sua alegria para n√≥s. ",Ele √© muito alegre e sorridente isso nos tr√°s seguran√ßa e faz nos sentir bem sempre,"Continue sendo sempre esse cara gente boa e amigo, amo voc√™ e obrigado por seus conselhos e sempre vou fazer a barba kakak ","Voc√™ √© muito bom no que faz,  aprendi muito com voc√™ e com todos do CTM, OBRIGADO MESMO!"
16/10/2020 20:25:33,40b,A - Concordo Totalmente,A - Concordo Totalmente,A - Concordo Totalmente,A - Concordo Totalmente,A - Concordo Totalmente,A - Concordo Totalmente,A - Concordo Totalmente,A - Concordo Totalmente,A - Concordo Totalmente,A - Concordo Totalmente,A - Concordo Totalmente,A - Concordo Totalmente,A - Concordo Totalmente,A - Concordo Totalmente,A - Concordo Totalmente,A - Concordo Totalmente,A - Concordo Totalmente,A - Concordo Totalmente,A - Concordo Totalmente,A - Concordo Totalmente,A - Concordo Totalmente,A - Concordo Totalmente,A - Concordo Totalmente,A - Concordo Totalmente,A - Concordo Totalmente,A - Concordo Totalmente,A - Concordo Totalmente,A - Concordo Totalmente,A - Concordo Totalmente,A - Concordo Totalmente,A - Concordo Totalmente,,"Ele √© muito espiritual, me ajudou muito a aumentar meu testemunho sobre v√°rios pontos do Evangelho. ",,
16/10/2020 20:27:49,40 b,A - Concordo Totalmente,A - Concordo Totalmente,A - Concordo Totalmente,A - Concordo Totalmente,A - Concordo Totalmente,A - Concordo Totalmente,A - Concordo Totalmente,A - Concordo Totalmente,A - Concordo Totalmente,A - Concordo Totalmente,A - Concordo Totalmente,A - Concordo Totalmente,A - Concordo Totalmente,A - Concordo Totalmente,A - Concordo Totalmente,A - Concordo Totalmente,A - Concordo Totalmente,A - Concordo Totalmente,A - Concordo Totalmente,A - Concordo Totalmente,A - Concordo Totalmente,A - Concordo Totalmente,A - Concordo Totalmente,A - Concordo Totalmente,A - Concordo Totalmente,A - Concordo Totalmente,A - Concordo Totalmente,A - Concordo Totalmente,A - Concordo Totalmente,A - Concordo Totalmente,A - Concordo Totalmente,,ele tem muito conhecimento e √© bem animado.,Aceite que o CUSCUZ do nordeste √© melhor,Tu √© o cara! obrigado por todo conhecimento compartilhado.
16/10/2020 20:29:34,40B,A - Concordo Totalmente,A - Concordo Totalmente,A - Concordo Totalmente,A - Concordo Totalmente,A - Concordo Totalmente,A - Concordo Totalmente,A - Concordo Totalmente,A - Concordo Totalmente,A - Concordo Totalmente,A - Concordo Totalmente,A - Concordo Totalmente,A - Concordo Totalmente,A - Concordo Totalmente,E - Discordo Totalmente,,B - Concordo,A - Concordo Totalmente,A - Concordo Totalmente,A - Concordo Totalmente,A - Concordo Totalmente,A - Concordo Totalmente,A - Concordo Totalmente,B - Concordo,B - Concordo,A - Concordo Totalmente,A - Concordo Totalmente,A - Concordo Totalmente,A - Concordo Totalmente,A - Concordo Totalmente,A - Concordo Totalmente,A - Concordo Totalmente,muito bom,Positividade e dom√≠nio das escrituras,,Muito divertido e espiritual
16/10/2020 20:31:00,40 B,A - Concordo Totalmente,A - Concordo Totalmente,A - Concordo Totalmente,A - Concordo Totalmente,A - Concordo Totalmente,A - Concordo Totalmente,A - Concordo Totalmente,A - Concordo Totalmente,A - Concordo Totalmente,A - Concordo Totalmente,A - Concordo Totalmente,A - Concordo Totalmente,A - Concordo Totalmente,A - Concordo Totalmente,A - Concordo Totalmente,A - Concordo Totalmente,A - Concordo Totalmente,A - Concordo Totalmente,A - Concordo Totalmente,A - Concordo Totalmente,A - Concordo Totalmente,A - Concordo Totalmente,A - Concordo Totalmente,A - Concordo Totalmente,A - Concordo Totalmente,A - Concordo Totalmente,A - Concordo Totalmente,A - Concordo Totalmente,A - Concordo Totalmente,A - Concordo Totalmente,A - Concordo Totalmente,,"Ele √© muito simp√°tico, gentil, sabe conversar, mostrou que se importa comigo e me ensinou o necess√°rio para eu poder evoluir como mission√°ria.","0 sugest√µes, quase perfeito :') ","Obrigada por tudo cara, voc√™ me ajudou muito, aprendi muitas coisas e √© isto!!!!!!!!!! :') s2 "
16/10/2020 20:35:01,40B,A - Concordo Totalmente,A - Concordo Totalmente,A - Concordo Totalmente,A - Concordo Totalmente,A - Concordo Totalmente,A - Concordo Totalmente,A - Concordo Totalmente,A - Concordo Totalmente,A - Concordo Totalmente,A - Concordo Totalmente,A - Concordo Totalmente,A - Concordo Totalmente,A - Concordo Totalmente,A - Concordo Totalmente,A - Concordo Totalmente,A - Concordo Totalmente,A - Concordo Totalmente,A - Concordo Totalmente,A - Concordo Totalmente,A - Concordo Totalmente,A - Concordo Totalmente,A - Concordo Totalmente,A - Concordo Totalmente,A - Concordo Totalmente,A - Concordo Totalmente,A - Concordo Totalmente,A - Concordo Totalmente,A - Concordo Totalmente,A - Concordo Totalmente,A - Concordo Totalmente,A - Concordo Totalmente,,"que ele √© gentil, e me ajuda",,"Sou muito grata por tudo que aprendi com ele, e por tudo que ele me ensinou e me ajudou"
20/11/2020 20:17:35,45 B,A - Concordo Totalmente,A - Concordo Totalmente,A - Concordo Totalmente,A - Concordo Totalmente,A - Concordo Totalmente,A - Concordo Totalmente,A - Concordo Totalmente,A - Concordo Totalmente,A - Concordo Totalmente,A - Concordo Totalmente,A - Concordo Totalmente,A - Concordo Totalmente,A - Concordo Totalmente,A - Concordo Totalmente,,B - Concordo,A - Concordo Totalmente,B - Concordo,A - Concordo Totalmente,B - Concordo,A - Concordo Totalmente,B - Concordo,A - Concordo Totalmente,B - Concordo,A - Concordo Totalmente,A - Concordo Totalmente,A - Concordo Totalmente,B - Concordo,A - Concordo Totalmente,A - Concordo Totalmente,B - Concordo,Boa,Ele √© muito feliz,,
20/11/2020 20:18:15,45 B,A - Concordo Totalmente,A - Concordo Totalmente,A - Concordo Totalmente,A - Concordo Totalmente,A - Concordo Totalmente,A - Concordo Totalmente,A - Concordo Totalmente,A - Concordo Totalmente,A - Concordo Totalmente,A - Concordo Totalmente,A - Concordo Totalmente,A - Concordo Totalmente,A - Concordo Totalmente,A - Concordo Totalmente,,B - Concordo,A - Concordo Totalmente,B - Concordo,A - Concordo Totalmente,B - Concordo,A - Concordo Totalmente,B - Concordo,A - Concordo Totalmente,B - Concordo,A - Concordo Totalmente,A - Concordo Totalmente,A - Concordo Totalmente,B - Concordo,A - Concordo Totalmente,A - Concordo Totalmente,B - Concordo,Boa,Ele √© muito feliz,,
20/11/2020 20:22:25,45-B,A - Concordo Totalmente,A - Concordo Totalmente,A - Concordo Totalmente,A - Concordo Totalmente,A - Concordo Totalmente,A - Concordo Totalmente,A - Concordo Totalmente,A - Concordo Totalmente,A - Concordo Totalmente,A - Concordo Totalmente,A - Concordo Totalmente,A - Concordo Totalmente,A - Concordo Totalmente,A - Concordo Totalmente,,A - Concordo Totalmente,A - Concordo Totalmente,A - Concordo Totalmente,A - Concordo Totalmente,A - Concordo Totalmente,A - Concordo Totalmente,A - Concordo Totalmente,A - Concordo Totalmente,A - Concordo Totalmente,A - Concordo Totalmente,A - Concordo Totalmente,A - Concordo Totalmente,A - Concordo Totalmente,A - Concordo Totalmente,A - Concordo Totalmente,A - Concordo Totalmente,,"Ele √© atencioso e realmente ouve o que n√≥s temos a dizer, e nos faz sentir ouvidos",,
20/11/2020 20:32:58,45 B,A - Concordo Totalmente,A - Concordo Totalmente,A - Concordo Totalmente,A - Concordo Totalmente,A - Concordo Totalmente,A - Concordo Totalmente,A - Concordo Totalmente,A - Concordo Totalmente,A - Concordo Totalmente,A - Concordo Totalmente,A - Concordo Totalmente,A - Concordo Totalmente,A - Concordo Totalmente,A - Concordo Totalmente,,B - Concordo,A - Concordo Totalmente,A - Concordo Totalmente,A - Concordo Totalmente,A - Concordo Totalmente,A - Concordo Totalmente,A - Concordo Totalmente,A - Concordo Totalmente,A - Concordo Totalmente,A - Concordo Totalmente,A - Concordo Totalmente,A - Concordo Totalmente,B - Concordo,A - Concordo Totalmente,A - Concordo Totalmente,A - Concordo Totalmente,,"Compreensivo, se preocupa com os mission√°rios, quer sempre dar o melhor, diligente com os mandamentos, dedicado a conhecer mais os mandamentos e bem alegre",N√£o se preocupar com a internet e n√£o se preocupar em pedir ajuda para os mission√°rios,N√£o se preocupar com a internet e n√£o se preocupar em pedir ajuda para os mission√°rios
20/11/2020 20:33:11,45B,A - Concordo Totalmente,A - Concordo Totalmente,A - Concordo Totalmente,A - Concordo Totalmente,A - Concordo Totalmente,A - Concordo Totalmente,A - Concordo Totalmente,A - Concordo Totalmente,A - Concordo Totalmente,A - Concordo Totalmente,A - Concordo Totalmente,A - Concordo Totalmente,A - Concordo Totalmente,A - Concordo Totalmente,,A - Concordo Totalmente,A - Concordo Totalmente,A - Concordo Totalmente,A - Concordo Totalmente,A - Concordo Totalmente,A - Concordo Totalmente,A - Concordo Totalmente,A - Concordo Totalmente,A - Concordo Totalmente,A - Concordo Totalmente,A - Concordo Totalmente,A - Concordo Totalmente,A - Concordo Totalmente,A - Concordo Totalmente,A - Concordo Totalmente,A - Concordo Totalmente,,"Ele √© extremamente espiritual e carism√°tico, pude sentir o espirito em todas as aulas e pude fortalecer meu testemunho em cada momento, pude aprender muito com ele e sou extremamente grata por seu esfor√ßo para nos mostrar e nos testificar diariamente que o evangelho de Jesus Cristo √© verdadeiro e que podemos e devemos compartilh√°-lo com todos os filhos de Deus. ","Sei que sempre temos o que melhorar e como progredir mas acredito que da mesma forma que pude compreender e progredir no meu conhecimento do evangelho e em como ensinar por causa de suas aulas, n√£o consigo pensar em nada no que precise melhorar.","Muito obrigada por cada aula, cada dedica√ß√£o e por realmente amar o evangelho de Jesus Cristo, por compartilhar seu testemunho e ajudar a cada um de n√≥s a sermos mission√°rios melhores por meio de seu exemplo e suas palavras.  :)"
20/11/2020 20:34:25,45B,A - Concordo Totalmente,A - Concordo Totalmente,A - Concordo Totalmente,A - Concordo Totalmente,A - Concordo Totalmente,A - Concordo Totalmente,A - Concordo Totalmente,A - Concordo Totalmente,A - Concordo Totalmente,A - Concordo Totalmente,A - Concordo Totalmente,A - Concordo Totalmente,A - Concordo Totalmente,A - Concordo Totalmente,,A - Concordo Totalmente,A - Concordo Totalmente,A - Concordo Totalmente,A - Concordo Totalmente,A - Concordo Totalmente,A - Concordo Totalmente,A - Concordo Totalmente,A - Concordo Totalmente,A - Concordo Totalmente,A - Concordo Totalmente,A - Concordo Totalmente,A - Concordo Totalmente,A - Concordo Totalmente,A - Concordo Totalmente,A - Concordo Totalmente,A - Concordo Totalmente,,A felicidade dele em ensinar o evangelho de Jesus cristo de maneira divertida e espiritual. Gosto de como ele √© diligente e espec√≠fico no ensino. ,,
20/11/2020 20:36:07,45 B ,A - Concordo Totalmente,A - Concordo Totalmente,A - Concordo Totalmente,A - Concordo Totalmente,A - Concordo Totalmente,A - Concordo Totalmente,A - Concordo Totalmente,A - Concordo Totalmente,A - Concordo Totalmente,A - Concordo Totalmente,A - Concordo Totalmente,A - Concordo Totalmente,A - Concordo Totalmente,A - Concordo Totalmente,A - Concordo Totalmente,A - Concordo Totalmente,A - Concordo Totalmente,A - Concordo Totalmente,A - Concordo Totalmente,A - Concordo Totalmente,A - Concordo Totalmente,A - Concordo Totalmente,A - Concordo Totalmente,A - Concordo Totalmente,A - Concordo Totalmente,A - Concordo Totalmente,A - Concordo Totalmente,A - Concordo Totalmente,A - Concordo Totalmente,A - Concordo Totalmente,A - Concordo Totalmente,Espetacular super top ,Super compreensivel e dar bons conselhos,"Mais  tempo de pausa  , e menos fazendeiro ",Top de mais
05/02/2021 09:57:26,3-A portugu√™s ,A - Concordo Totalmente,A - Concordo Totalmente,A - Concordo Totalmente,A - Concordo Totalmente,A - Concordo Totalmente,A - Concordo Totalmente,A - Concordo Totalmente,A - Concordo Totalmente,A - Concordo Totalmente,A - Concordo Totalmente,A - Concordo Totalmente,A - Concordo Totalmente,A - Concordo Totalmente,A - Concordo Totalmente,,A - Concordo Totalmente,A - Concordo Totalmente,A - Concordo Totalmente,A - Concordo Totalmente,A - Concordo Totalmente,A - Concordo Totalmente,A - Concordo Totalmente,A - Concordo Totalmente,A - Concordo Totalmente,A - Concordo Totalmente,A - Concordo Totalmente,A - Concordo Totalmente,A - Concordo Totalmente,A - Concordo Totalmente,A - Concordo Totalmente,A - Concordo Totalmente,,Felicidade ,Continue sempre assim ,Melhor instrutor que eu poderia ter 
05/02/2021 10:00:58,3A Portugu√™s ,A - Concordo Totalmente,A - Concordo Totalmente,A - Concordo Totalmente,A - Concordo Totalmente,A - Concordo Totalmente,A - Concordo Totalmente,A - Concordo Totalmente,A - Concordo Totalmente,A - Concordo Totalmente,A - Concordo Totalmente,A - Concordo Totalmente,A - Concordo Totalmente,A - Concordo Totalmente,A - Concordo Totalmente,,B - Concordo,A - Concordo Totalmente,A - Concordo Totalmente,A - Concordo Totalmente,A - Concordo Totalmente,A - Concordo Totalmente,A - Concordo Totalmente,A - Concordo Totalmente,B - Concordo,A - Concordo Totalmente,B - Concordo,A - Concordo Totalmente,A - Concordo Totalmente,A - Concordo Totalmente,A - Concordo Totalmente,A - Concordo Totalmente,,"Ele s√≥ faz rir o nome dele devia ser rirnicius, MELHOR INSTRUTOR DE TODOS",Nada.,"IRM√ÉO VINICIUS EU TE AMO MAIS DO QUE UM POTE DE NUTELLA VC √â UMA DAS PESSOAS MAIS ESPECIAIS  QUE EU J√Å CONHECI, AMO O SEU TRABALHO, ESPERO QUE SUA VIDA SEJA ABEN√áOADA. PS RAPHAEL GAT√ÉO TE AMA DE TODO O CORA√á√ÉO. TU √â 10, VOU TE CHAMAR PRO MEU CASAMENTO, VOU ME CASAR DAQUI UNS 4 ANOS, VLW IRM√ÉO POR TUDO TU √â 10."
05/02/2021 10:01:11,3A POR,A - Concordo Totalmente,A - Concordo Totalmente,A - Concordo Totalmente,B - Concordo,B - Concordo,A - Concordo Totalmente,A - Concordo Totalmente,B - Concordo,B - Concordo,B - Concordo,B - Concordo,B - Concordo,B - Concordo,B - Concordo,,B - Concordo,B - Concordo,B - Concordo,B - Concordo,B - Concordo,B - Concordo,A - Concordo Totalmente,B - Concordo,B - Concordo,B - Concordo,B - Concordo,B - Concordo,B - Concordo,B - Concordo,B - Concordo,B - Concordo,,Sua empatia e alegria,,"Gostei muito das aulas, foram din√¢micas, bem claras e espirituais.. aprendi muito."
05/02/2021 10:03:07,3A portugu√™s,A - Concordo Totalmente,A - Concordo Totalmente,A - Concordo Totalmente,A - Concordo Totalmente,A - Concordo Totalmente,A - Concordo Totalmente,A - Concordo Totalmente,A - Concordo Totalmente,A - Concordo Totalmente,A - Concordo Totalmente,A - Concordo Totalmente,A - Concordo Totalmente,A - Concordo Totalmente,A - Concordo Totalmente,,A - Concordo Totalmente,A - Concordo Totalmente,A - Concordo Totalmente,A - Concordo Totalmente,A - Concordo Totalmente,A - Concordo Totalmente,A - Concordo Totalmente,A - Concordo Totalmente,A - Concordo Totalmente,A - Concordo Totalmente,A - Concordo Totalmente,A - Concordo Totalmente,A - Concordo Totalmente,A - Concordo Totalmente,A - Concordo Totalmente,A - Concordo Totalmente,Muito bom ,Ele ri sempre ,Ta perfeito,"Ele √© muito inteligente, interativo, preocupado. Ele tem as qualidades certas pra lidar com as pessoas e o conhecimento muito bom para ensinar "
05/02/2021 10:04:46,3A-POR,A - Concordo Totalmente,A - Concordo Totalmente,A - Concordo Totalmente,A - Concordo Totalmente,A - Concordo Totalmente,A - Concordo Totalmente,A - Concordo Totalmente,A - Concordo Totalmente,A - Concordo Totalmente,A - Concordo Totalmente,A - Concordo Totalmente,A - Concordo Totalmente,A - Concordo Totalmente,A - Concordo Totalmente,A - Concordo Totalmente,A - Concordo Totalmente,A - Concordo Totalmente,A - Concordo Totalmente,A - Concordo Totalmente,A - Concordo Totalmente,A - Concordo Totalmente,A - Concordo Totalmente,A - Concordo Totalmente,A - Concordo Totalmente,A - Concordo Totalmente,A - Concordo Totalmente,A - Concordo Totalmente,A - Concordo Totalmente,A - Concordo Totalmente,A - Concordo Totalmente,A - Concordo Totalmente,,Tudo dele,Acho que n√£o mudaria nada,"Irm√£o Vin√≠cius,
Muito obrigado por tudo. Sou muito grato pelo seu trabalho e carinho. Tenho certeza que voc√™ ser√° grandemente aben√ßoado pelo seu incr√≠vel trabalho.
"
05/02/2021 10:06:30,3 A POR,A - Concordo Totalmente,A - Concordo Totalmente,A - Concordo Totalmente,A - Concordo Totalmente,A - Concordo Totalmente,A - Concordo Totalmente,A - Concordo Totalmente,A - Concordo Totalmente,A - Concordo Totalmente,A - Concordo Totalmente,A - Concordo Totalmente,A - Concordo Totalmente,A - Concordo Totalmente,A - Concordo Totalmente,A - Concordo Totalmente,A - Concordo Totalmente,A - Concordo Totalmente,A - Concordo Totalmente,A - Concordo Totalmente,A - Concordo Totalmente,A - Concordo Totalmente,A - Concordo Totalmente,A - Concordo Totalmente,A - Concordo Totalmente,A - Concordo Totalmente,A - Concordo Totalmente,A - Concordo Totalmente,A - Concordo Totalmente,A - Concordo Totalmente,A - Concordo Totalmente,A - Concordo Totalmente,√â boa,O carinho ao explicar  o humor a vontade de ensinar ,,
05/02/2021 10:15:10,03-A POR,A - Concordo Totalmente,A - Concordo Totalmente,A - Concordo Totalmente,A - Concordo Totalmente,A - Concordo Totalmente,A - Concordo Totalmente,A - Concordo Totalmente,A - Concordo Totalmente,A - Concordo Totalmente,A - Concordo Totalmente,A - Concordo Totalmente,A - Concordo Totalmente,A - Concordo Totalmente,A - Concordo Totalmente,A - Concordo Totalmente,B - Concordo,A - Concordo Totalmente,A - Concordo Totalmente,B - Concordo,A - Concordo Totalmente,A - Concordo Totalmente,A - Concordo Totalmente,A - Concordo Totalmente,A - Concordo Totalmente,A - Concordo Totalmente,A - Concordo Totalmente,A - Concordo Totalmente,A - Concordo Totalmente,A - Concordo Totalmente,A - Concordo Totalmente,A - Concordo Totalmente,,A alegria e o entusiasmo em ensinar o evangelho da melhor forma,,"Obrigado por sorrir sempre, e por transmitir essa alegria, grata por sua dedica√ß√£o em ensinar e fazer com que possamos compreender as doutrinas. Aprendi muito com suas aulas, irm√£o Vinicius :)"
05/02/2021 10:20:00,3A portugu√™s,A - Concordo Totalmente,A - Concordo Totalmente,A - Concordo Totalmente,A - Concordo Totalmente,A - Concordo Totalmente,A - Concordo Totalmente,A - Concordo Totalmente,A - Concordo Totalmente,A - Concordo Totalmente,A - Concordo Totalmente,A - Concordo Totalmente,A - Concordo Totalmente,A - Concordo Totalmente,A - Concordo Totalmente,A - Concordo Totalmente,A - Concordo Totalmente,A - Concordo Totalmente,A - Concordo Totalmente,A - Concordo Totalmente,A - Concordo Totalmente,A - Concordo Totalmente,A - Concordo Totalmente,A - Concordo Totalmente,A - Concordo Totalmente,A - Concordo Totalmente,A - Concordo Totalmente,A - Concordo Totalmente,A - Concordo Totalmente,A - Concordo Totalmente,A - Concordo Totalmente,A - Concordo Totalmente,"Sou inteiramente grata pelas risadas, pela confian√ßa e pela amizade. ","TUDO, mas principalmente, dos testemunhos que presta v√°rias vezes na aula.","Continue sendo sorridente, diligente, atencioso, parceiro dos mission√°rios!! ","Obrigada. Ah √©, n√£o pode esquecer que A ORA√á√ÉO √â A CHAVE DA VIT√ìRIA."